system:index,adm0_name,child_population_exposed,child_population_total,iso3,label,metric,population_total,ucode,.geo
1,Antarctica,0.0,0.0,ATA,coastal_flood_100yr_jrc_2024,individual,0.0,ATA_V2,"{""type"":""MultiPoint"",""coordinates"":[]}"
1,Tokelau,0.0,627.8673086456943,TKL,coastal_flood_100yr_jrc_2024,individual,2014.402919239989,TKL_V2,"{""type"":""MultiPoint"",""coordinates"":[]}"
1,Western Sahara,9678.658601465708,148932.15286032428,ESH,coastal_flood_100yr_jrc_2024,individual,565209.8879479027,ESH_V1,"{""type"":""MultiPoint"",""coordinates"":[]}"
1,New Caledonia,2722.530378507916,73125.82198797836,NCL,coastal_flood_100yr_jrc_2024,individual,286214.63240109663,NCL_V1,"{""type"":""MultiPoint"",""coordinates"":[]}"
1,Clipperton Island,0.0,0.0,PYF,coastal_flood_100yr_jrc_2024,individual,0.0,PYF1_V1,"{""type"":""MultiPoint"",""coordinates"":[]}"
1,Saint Helena (Tristan da Cunha),0.0,0.0,SHN,coastal_flood_100yr_jrc_2024,individual,0.0,SHN2_V1,"{""type"":""MultiPoint"",""coordinates"":[]}"
1,Saint Helena (Ascencion),0.0,0.0,SHN,coastal_flood_100yr_jrc_2024,individual,0.0,SHN1_V1,"{""type"":""MultiPoint"",""coordinates"":[]}"
1,Gibraltar,0.0,6320.710476004482,GIB,coastal_flood_100yr_jrc_2024,individual,32201.5256533018,GIB_V1,"{""type"":""MultiPoint"",""coordinates"":[]}"
1,Saint Helena (Gough),0.0,0.0,SHN,coastal_flood_100yr_jrc_2024,individual,0.0,SHN3_V1,"{""type"":""MultiPoint"",""coordinates"":[]}"
1,Saint Helena,0.0,854.5941989731934,SHN,coastal_flood_100yr_jrc_2024,individual,5199.487445189212,SHN_V1,"{""type"":""MultiPoint"",""coordinates"":[]}"
1,American Samoa (USA),0.0,15601.739678215456,ASM,coastal_flood_100yr_jrc_2024,individual,46000.704591681664,ASM_V1,"{""type"":""MultiPoint"",""coordinates"":[]}"
1,Guam (USA),364.2350747960736,50804.76540056684,GUM,coastal_flood_100yr_jrc_2024,individual,168195.3960321047,GUM_V1,"{""type"":""MultiPoint"",""coordinates"":[]}"
1,Bi'r Tawīl,0.0,250.06046407669783,EGY,coastal_flood_100yr_jrc_2024,individual,293.79977034032345,EGY1_V1,"{""type"":""MultiPoint"",""coordinates"":[]}"
1,Greenland,4269.357042941148,6348.697077057339,GRL,coastal_flood_100yr_jrc_2024,individual,24878.69900580517,GRL_V1,"{""type"":""MultiPoint"",""coordinates"":[]}"
1,Arunachal Pradesh,0.0,316064.96065364964,xAP,coastal_flood_100yr_jrc_2024,individual,980113.5056940456,xAP_V1,"{""type"":""MultiPoint"",""coordinates"":[]}"
1,Senkaku Islands,0.0,0.0,xSK,coastal_flood_100yr_jrc_2024,individual,0.0,xSK_V1,"{""type"":""MultiPoint"",""coordinates"":[]}"
1,Kuril Islands,216.22020816040455,3437.7050287807774,xRI,coastal_flood_100yr_jrc_2024,individual,16865.05092428459,xRI_V1,"{""type"":""MultiPoint"",""coordinates"":[]}"
1,Hala'ib Triangle,169.1020946316421,4875.057169295198,SDN,coastal_flood_100yr_jrc_2024,individual,11277.084853108128,SDN1_V1,"{""type"":""MultiPoint"",""coordinates"":[]}"
1,Ilemi Triangle,0.0,2455.25929632516,SSD,coastal_flood_100yr_jrc_2024,individual,10208.10353761562,SSD1_V1,"{""type"":""MultiPoint"",""coordinates"":[]}"
1,Abyei,0.0,81783.25820501274,xAB,coastal_flood_100yr_jrc_2024,individual,119720.69199162384,xAB_V1,"{""type"":""MultiPoint"",""coordinates"":[]}"
1,Aksai Chin,0.0,3438.9182873868767,xAC,coastal_flood_100yr_jrc_2024,individual,11530.730537227571,xAC_V1,"{""type"":""MultiPoint"",""coordinates"":[]}"
1,Jammu and Kashmir,0.0,4724933.949900465,xJK,coastal_flood_100yr_jrc_2024,individual,20485747.790387876,xJK_V1,"{""type"":""MultiPoint"",""coordinates"":[]}"
1,Sovereignty unsettled,0.0,42830.92723886087,xJL,coastal_flood_100yr_jrc_2024,individual,126896.3835437921,xJL_V1,"{""type"":""MultiPoint"",""coordinates"":[]}"
1,Paracel Islands,0.0,86.75367717932834,xPI,coastal_flood_100yr_jrc_2024,individual,718.7841394252488,xPI_V1,"{""type"":""MultiPoint"",""coordinates"":[]}"
1,Spratly Islands,0.0,0.0,xSI,coastal_flood_100yr_jrc_2024,individual,0.0,xSI_V1,"{""type"":""MultiPoint"",""coordinates"":[]}"
1,Scarborough Reef,0.0,0.0,xSR,coastal_flood_100yr_jrc_2024,individual,0.0,xSR_V1,"{""type"":""MultiPoint"",""coordinates"":[]}"
1,China/India,0.0,732.1397838329129,xxx,coastal_flood_100yr_jrc_2024,individual,1414.4381610215464,xxx_V1,"{""type"":""MultiPoint"",""coordinates"":[]}"
1,Macao,19309.56939578081,108699.4944399259,MAC,coastal_flood_100yr_jrc_2024,individual,675485.4639482741,MAC_V1,"{""type"":""MultiPoint"",""coordinates"":[]}"
1,Taiwan,73318.9218932899,3311341.297345072,TWN,coastal_flood_100yr_jrc_2024,individual,22951965.13887481,TWN_V1,"{""type"":""MultiPoint"",""coordinates"":[]}"
1,Hong Kong,102748.2950438575,809441.6055902928,HKG,coastal_flood_100yr_jrc_2024,individual,6183639.753265285,HKG_V1,"{""type"":""MultiPoint"",""coordinates"":[]}"
1,Tuvalu,0.0,1057.7013385510547,TUV,coastal_flood_100yr_jrc_2024,individual,8651.287734135458,TUV_V2,"{""type"":""MultiPoint"",""coordinates"":[]}"
1,Mauritius,0.0,241252.58231808024,MUS,coastal_flood_100yr_jrc_2024,individual,1269509.516548764,MUS_V2,"{""type"":""MultiPoint"",""coordinates"":[]}"
1,Marshall Islands,5742.749318122864,14877.643699552302,MHL,coastal_flood_100yr_jrc_2024,individual,35250.624957678134,MHL_V2,"{""type"":""MultiPoint"",""coordinates"":[]}"
1,Micronesia (Federated States of),346.5372941803653,37924.7463813085,FSM,coastal_flood_100yr_jrc_2024,individual,74632.38108515547,FSM_V2,"{""type"":""MultiPoint"",""coordinates"":[]}"
1,Bahrain,7259.1117526588,351371.9620597632,BHR,coastal_flood_100yr_jrc_2024,individual,1626144.8635632836,BHR_V2,"{""type"":""MultiPoint"",""coordinates"":[]}"
1,Maldives,0.0,119246.52362540086,MDV,coastal_flood_100yr_jrc_2024,individual,517002.4335100376,MDV_V2,"{""type"":""MultiPoint"",""coordinates"":[]}"
1,Samoa,0.0,96146.131643036,WSM,coastal_flood_100yr_jrc_2024,individual,217323.9894875148,WSM_V2,"{""type"":""MultiPoint"",""coordinates"":[]}"
1,Palau,65.10023747360833,3752.7172539598414,PLW,coastal_flood_100yr_jrc_2024,individual,16441.508911315985,PLW_V2,"{""type"":""MultiPoint"",""coordinates"":[]}"
1,Tonga,0.0,43452.358009875,TON,coastal_flood_100yr_jrc_2024,individual,102129.75091279377,TON_V2,"{""type"":""MultiPoint"",""coordinates"":[]}"
1,Cape Verde,0.0,164798.9053214864,CPV,coastal_flood_100yr_jrc_2024,individual,525130.4328958164,CPV_V2,"{""type"":""MultiPoint"",""coordinates"":[]}"
1,Comoros,330.1315768383356,371951.8247332141,COM,coastal_flood_100yr_jrc_2024,individual,872397.2660198922,COM_V2,"{""type"":""MultiPoint"",""coordinates"":[]}"
1,Singapore,116.0395347223748,870626.4561712565,SGP,coastal_flood_100yr_jrc_2024,individual,5852233.383573981,SGP_V2,"{""type"":""MultiPoint"",""coordinates"":[]}"
1,Vanuatu,2663.90397823602,142171.90685355084,VUT,coastal_flood_100yr_jrc_2024,individual,327840.8061051406,VUT_V2,"{""type"":""MultiPoint"",""coordinates"":[]}"
1,Solomon Islands,10771.21648542583,347162.08529207605,SLB,coastal_flood_100yr_jrc_2024,individual,818142.7822183083,SLB_V2,"{""type"":""MultiPoint"",""coordinates"":[]}"
1,Kiribati,8888.115002274513,46430.28375483491,KIR,coastal_flood_100yr_jrc_2024,individual,118671.2676777603,KIR_V2,"{""type"":""MultiPoint"",""coordinates"":[]}"
1,Sao Tome and Principe,76.15251863002777,104882.62632270124,STP,coastal_flood_100yr_jrc_2024,individual,236806.29607787565,STP_V2,"{""type"":""MultiPoint"",""coordinates"":[]}"
1,Nauru,0.0,5079.383797263859,NRU,coastal_flood_100yr_jrc_2024,individual,11729.090146657814,NRU_V2,"{""type"":""MultiPoint"",""coordinates"":[]}"
1,Seychelles,0.0,30313.03863939044,SYC,coastal_flood_100yr_jrc_2024,individual,130170.5676033317,SYC_V2,"{""type"":""MultiPoint"",""coordinates"":[]}"
1,Afghanistan,0.0,20939928.25864015,AFG,coastal_flood_100yr_jrc_2024,individual,43192547.64397973,AFG_V1,"{""type"":""MultiPoint"",""coordinates"":[]}"
1,Angola,15297.348194165155,18709823.373819336,AGO,coastal_flood_100yr_jrc_2024,individual,37701255.67895002,AGO_V1,"{""type"":""MultiPoint"",""coordinates"":[]}"
1,Albania,26998.85653745075,574037.9040700688,ALB,coastal_flood_100yr_jrc_2024,individual,2778355.4368711337,ALB_V1,"{""type"":""MultiPoint"",""coordinates"":[]}"
1,Andorra,0.0,12304.974294129464,AND,coastal_flood_100yr_jrc_2024,individual,82330.82880662101,AND_V1,"{""type"":""MultiPoint"",""coordinates"":[]}"
1,United Arab Emirates,122027.65044200906,2031448.605568984,ARE,coastal_flood_100yr_jrc_2024,individual,11153569.119385894,ARE_V1,"{""type"":""MultiPoint"",""coordinates"":[]}"
1,Armenia,0.0,692305.787131617,ARM,coastal_flood_100yr_jrc_2024,individual,2963678.486713675,ARM_V1,"{""type"":""MultiPoint"",""coordinates"":[]}"
1,Australia,48840.1659045632,5528345.950146385,AUS,coastal_flood_100yr_jrc_2024,individual,25724882.089805983,AUS_V1,"{""type"":""MultiPoint"",""coordinates"":[]}"
1,Austria,0.0,1562149.93922677,AUT,coastal_flood_100yr_jrc_2024,individual,9119032.802397843,AUT_V1,"{""type"":""MultiPoint"",""coordinates"":[]}"
1,Azerbaijan,0.0,2747050.581568951,AZE,coastal_flood_100yr_jrc_2024,individual,10369513.956688683,AZE_V1,"{""type"":""MultiPoint"",""coordinates"":[]}"
1,Burundi,0.0,7250337.550081955,BDI,coastal_flood_100yr_jrc_2024,individual,14223057.250658322,BDI_V1,"{""type"":""MultiPoint"",""coordinates"":[]}"
1,Belgium,82579.35492591008,2300200.930856152,BEL,coastal_flood_100yr_jrc_2024,individual,11759701.21853447,BEL_V1,"{""type"":""MultiPoint"",""coordinates"":[]}"
1,Benin,3923.970132112503,6896626.551493387,BEN,coastal_flood_100yr_jrc_2024,individual,14654163.478319634,BEN_V1,"{""type"":""MultiPoint"",""coordinates"":[]}"
1,Burkina Faso,0.0,11453005.70692095,BFA,coastal_flood_100yr_jrc_2024,individual,23816675.84780262,BFA_V1,"{""type"":""MultiPoint"",""coordinates"":[]}"
1,Bangladesh,4074799.746527063,58945359.08994207,BGD,coastal_flood_100yr_jrc_2024,individual,174567266.89636517,BGD_V1,"{""type"":""MultiPoint"",""coordinates"":[]}"
1,Bulgaria,660.0954093042019,1180648.995917595,BGR,coastal_flood_100yr_jrc_2024,individual,6709026.284452212,BGR_V1,"{""type"":""MultiPoint"",""coordinates"":[]}"
1,Bosnia and Herzegovina,2.9863057964317066,515900.277887394,BIH,coastal_flood_100yr_jrc_2024,individual,3153393.5503652105,BIH_V1,"{""type"":""MultiPoint"",""coordinates"":[]}"
1,Belarus,0.0,1792218.354652132,BLR,coastal_flood_100yr_jrc_2024,individual,9027750.519010829,BLR_V1,"{""type"":""MultiPoint"",""coordinates"":[]}"
1,Brazil,34350.52955639163,49906127.91244721,BRA,coastal_flood_100yr_jrc_2024,individual,208556719.12407264,BRA_V1,"{""type"":""MultiPoint"",""coordinates"":[]}"
1,Brunei Darussalam,349.40739029087126,114778.61953266422,BRN,coastal_flood_100yr_jrc_2024,individual,462333.0702616593,BRN_V1,"{""type"":""MultiPoint"",""coordinates"":[]}"
1,Bhutan,0.0,208366.6380328168,BTN,coastal_flood_100yr_jrc_2024,individual,799441.1570141243,BTN_V1,"{""type"":""MultiPoint"",""coordinates"":[]}"
1,Botswana,0.0,937762.5431938886,BWA,coastal_flood_100yr_jrc_2024,individual,2496911.706642595,BWA_V1,"{""type"":""MultiPoint"",""coordinates"":[]}"
1,Central African Republic,0.0,2934123.499762392,CAF,coastal_flood_100yr_jrc_2024,individual,5353416.654276031,CAF_V1,"{""type"":""MultiPoint"",""coordinates"":[]}"
1,Fiji,20309.288899634037,295252.3461195602,FJI,coastal_flood_100yr_jrc_2024,individual,925003.7051756833,FJI_V2,"{""type"":""MultiPoint"",""coordinates"":[]}"
1,Switzerland,0.0,1593960.9250621772,CHE,coastal_flood_100yr_jrc_2024,individual,8953140.846059235,CHE_V1,"{""type"":""MultiPoint"",""coordinates"":[]}"
1,China,14554810.963986885,279052064.280661,CHN,coastal_flood_100yr_jrc_2024,individual,1405071924.5380857,CHN_V1,"{""type"":""MultiPoint"",""coordinates"":[]}"
1,Côte d'Ivoire,1419.8235469885335,14900678.39864889,CIV,coastal_flood_100yr_jrc_2024,individual,32072094.735930543,CIV_V1,"{""type"":""MultiPoint"",""coordinates"":[]}"
1,Cameroon,9506.712268220675,13770788.427890498,CMR,coastal_flood_100yr_jrc_2024,individual,29332113.82888495,CMR_V1,"{""type"":""MultiPoint"",""coordinates"":[]}"
1,Congo,937.03270962846,3130397.4343414977,COG,coastal_flood_100yr_jrc_2024,individual,6690398.112859013,COG_V1,"{""type"":""MultiPoint"",""coordinates"":[]}"
1,Cyprus,386.6231153747649,253506.76707591285,CYP,coastal_flood_100yr_jrc_2024,individual,1342648.7569328167,CYP_V1,"{""type"":""MultiPoint"",""coordinates"":[]}"
1,Czechia,0.0,2026392.2315752676,CZE,coastal_flood_100yr_jrc_2024,individual,10683474.962496236,CZE_V1,"{""type"":""MultiPoint"",""coordinates"":[]}"
1,Germany,196261.2114877117,14044141.869071295,DEU,coastal_flood_100yr_jrc_2024,individual,84120248.70418309,DEU_V1,"{""type"":""MultiPoint"",""coordinates"":[]}"
1,Djibouti,1494.393702238798,409780.13945537305,DJI,coastal_flood_100yr_jrc_2024,individual,1170477.144230823,DJI_V1,"{""type"":""MultiPoint"",""coordinates"":[]}"
1,Denmark,30760.30406595591,1128653.7472335051,DNK,coastal_flood_100yr_jrc_2024,individual,5868649.37183858,DNK_V1,"{""type"":""MultiPoint"",""coordinates"":[]}"
1,Algeria,152.484000362223,16139585.714220963,DZA,coastal_flood_100yr_jrc_2024,individual,46158531.14619261,DZA_V1,"{""type"":""MultiPoint"",""coordinates"":[]}"
1,Egypt,1106889.706053889,43437944.57643192,EGY,coastal_flood_100yr_jrc_2024,individual,116569061.20261964,EGY_V1,"{""type"":""MultiPoint"",""coordinates"":[]}"
1,Eritrea,1974.9061206653716,1606585.0977603311,ERI,coastal_flood_100yr_jrc_2024,individual,3564048.144891737,ERI_V1,"{""type"":""MultiPoint"",""coordinates"":[]}"
1,Spain,9015.992687583024,7175349.100365572,ESP,coastal_flood_100yr_jrc_2024,individual,43928499.188247696,ESP_V1,"{""type"":""MultiPoint"",""coordinates"":[]}"
1,Estonia,232.0930933503223,264505.659650577,EST,coastal_flood_100yr_jrc_2024,individual,1348993.77922288,EST_V1,"{""type"":""MultiPoint"",""coordinates"":[]}"
1,Ethiopia,0.0,60017170.64198312,ETH,coastal_flood_100yr_jrc_2024,individual,133865331.8185741,ETH_V1,"{""type"":""MultiPoint"",""coordinates"":[]}"
1,Finland,6512.959989196183,991544.5285981252,FIN,coastal_flood_100yr_jrc_2024,individual,5462833.551123548,FIN_V1,"{""type"":""MultiPoint"",""coordinates"":[]}"
1,France,115428.2256468526,13297197.128667234,FRA,coastal_flood_100yr_jrc_2024,individual,65689598.28988016,FRA_V1,"{""type"":""MultiPoint"",""coordinates"":[]}"
1,Gabon,4456.313893592916,1061384.0858916156,GAB,coastal_flood_100yr_jrc_2024,individual,2565849.189294086,GAB_V1,"{""type"":""MultiPoint"",""coordinates"":[]}"
1,United Kingdom of Great Britain & Northern Ireland,303794.162453984,14115324.795044713,GBR,coastal_flood_100yr_jrc_2024,individual,68804609.85761267,GBR_V1,"{""type"":""MultiPoint"",""coordinates"":[]}"
1,Canada,26202.371218346914,7173800.28800218,CAN,coastal_flood_100yr_jrc_2024,individual,39291112.15721873,CAN_V1,"{""type"":""MultiPoint"",""coordinates"":[]}"
1,Ghana,14327.520176336477,14402613.030849231,GHA,coastal_flood_100yr_jrc_2024,individual,34722591.528338306,GHA_V1,"{""type"":""MultiPoint"",""coordinates"":[]}"
1,Georgia,7487.158884043207,936649.6132972818,GEO,coastal_flood_100yr_jrc_2024,individual,3803410.539499333,GEO_V1,"{""type"":""MultiPoint"",""coordinates"":[]}"
1,Gambia,2666.916708520522,1289238.0794210085,GMB,coastal_flood_100yr_jrc_2024,individual,2803084.2131624552,GMB_V1,"{""type"":""MultiPoint"",""coordinates"":[]}"
1,Guinea,21483.34811245532,6962291.546171894,GIN,coastal_flood_100yr_jrc_2024,individual,14927275.65951966,GIN_V1,"{""type"":""MultiPoint"",""coordinates"":[]}"
1,Guinea-Bissau,2087.422666996717,991856.1649239308,GNB,coastal_flood_100yr_jrc_2024,individual,2218313.064871852,GNB_V1,"{""type"":""MultiPoint"",""coordinates"":[]}"
1,Equatorial Guinea,1166.0216491222382,808399.3872360459,GNQ,coastal_flood_100yr_jrc_2024,individual,1911786.575354482,GNQ_V1,"{""type"":""MultiPoint"",""coordinates"":[]}"
1,Guatemala,4802.911938013925,6957738.637796384,GTM,coastal_flood_100yr_jrc_2024,individual,18547678.078881186,GTM_V1,"{""type"":""MultiPoint"",""coordinates"":[]}"
1,Croatia,3126.4869309900105,663754.5345191102,HRV,coastal_flood_100yr_jrc_2024,individual,3810326.171633632,HRV_V1,"{""type"":""MultiPoint"",""coordinates"":[]}"
1,Hungary,0.0,1702871.4763771298,HUN,coastal_flood_100yr_jrc_2024,individual,9662898.163213449,HUN_V1,"{""type"":""MultiPoint"",""coordinates"":[]}"
1,India,444338.9089145434,429150828.8674491,IND,coastal_flood_100yr_jrc_2024,individual,1436693628.489432,IND_V1,"{""type"":""MultiPoint"",""coordinates"":[]}"
1,Ireland,14253.573305588883,1175300.8425827087,IRL,coastal_flood_100yr_jrc_2024,individual,5211020.7750814045,IRL_V1,"{""type"":""MultiPoint"",""coordinates"":[]}"
1,Iran (Islamic Republic of),223095.01396387749,24294847.44521033,IRN,coastal_flood_100yr_jrc_2024,individual,91387495.85819854,IRN_V1,"{""type"":""MultiPoint"",""coordinates"":[]}"
1,Greece,7317.851477221764,1614945.1037811518,GRC,coastal_flood_100yr_jrc_2024,individual,9541676.373192895,GRC_V1,"{""type"":""MultiPoint"",""coordinates"":[]}"
1,Iraq,34232.4883044953,19703403.425737705,IRQ,coastal_flood_100yr_jrc_2024,individual,46512831.09963537,IRQ_V1,"{""type"":""MultiPoint"",""coordinates"":[]}"
1,Iceland,4286.677509838657,83770.97085460695,ISL,coastal_flood_100yr_jrc_2024,individual,388235.46417850495,ISL_V1,"{""type"":""MultiPoint"",""coordinates"":[]}"
1,Israel,408.6017305906862,2536960.733689767,ISR,coastal_flood_100yr_jrc_2024,individual,8345922.211769295,ISR_V1,"{""type"":""MultiPoint"",""coordinates"":[]}"
1,Italy,55124.261411274616,8563152.214709003,ITA,coastal_flood_100yr_jrc_2024,individual,57072083.1171748,ITA_V1,"{""type"":""MultiPoint"",""coordinates"":[]}"
1,Jordan,38.68585395812988,4258510.9681070605,JOR,coastal_flood_100yr_jrc_2024,individual,11574048.28526966,JOR_V1,"{""type"":""MultiPoint"",""coordinates"":[]}"
1,Kazakhstan,0.0,7013866.389906544,KAZ,coastal_flood_100yr_jrc_2024,individual,20720152.55243857,KAZ_V1,"{""type"":""MultiPoint"",""coordinates"":[]}"
1,Japan,2430370.967351864,17148789.556950502,JPN,coastal_flood_100yr_jrc_2024,individual,119681382.7734627,JPN_V1,"{""type"":""MultiPoint"",""coordinates"":[]}"
1,Kenya,3668.3484877041774,24625541.155467797,KEN,coastal_flood_100yr_jrc_2024,individual,56616451.88856978,KEN_V1,"{""type"":""MultiPoint"",""coordinates"":[]}"
1,Kyrgyzstan,0.0,2689820.278382778,KGZ,coastal_flood_100yr_jrc_2024,individual,7233254.2844805885,KGZ_V1,"{""type"":""MultiPoint"",""coordinates"":[]}"
1,Cambodia,6131.930130256731,6211089.964683077,KHM,coastal_flood_100yr_jrc_2024,individual,17670315.610897765,KHM_V1,"{""type"":""MultiPoint"",""coordinates"":[]}"
1,Kuwait,18635.99376645009,1065068.3460392505,KWT,coastal_flood_100yr_jrc_2024,individual,4936154.942841173,KWT_V1,"{""type"":""MultiPoint"",""coordinates"":[]}"
1,Lao People's Democratic Republic,0.0,2799987.1140917307,LAO,coastal_flood_100yr_jrc_2024,individual,7861810.792928726,LAO_V1,"{""type"":""MultiPoint"",""coordinates"":[]}"
1,Republic of Korea,74559.72078187297,6896494.587523081,KOR,coastal_flood_100yr_jrc_2024,individual,51476245.00681412,KOR_V1,"{""type"":""MultiPoint"",""coordinates"":[]}"
1,Liberia,3975.327422023751,2595879.820217765,LBR,coastal_flood_100yr_jrc_2024,individual,5665582.56214787,LBR_V1,"{""type"":""MultiPoint"",""coordinates"":[]}"
1,Lebanon,2806.6967927361065,1848615.048635474,LBN,coastal_flood_100yr_jrc_2024,individual,5825836.415635126,LBN_V1,"{""type"":""MultiPoint"",""coordinates"":[]}"
1,Liechtenstein,0.0,6873.422696057827,LIE,coastal_flood_100yr_jrc_2024,individual,39909.93136250223,LIE_V1,"{""type"":""MultiPoint"",""coordinates"":[]}"
1,Libya,21813.705768167987,2369492.105362723,LBY,coastal_flood_100yr_jrc_2024,individual,7148612.037903517,LBY_V1,"{""type"":""MultiPoint"",""coordinates"":[]}"
1,Sri Lanka,5290.243682600558,6180113.357765453,LKA,coastal_flood_100yr_jrc_2024,individual,23115997.319453653,LKA_V1,"{""type"":""MultiPoint"",""coordinates"":[]}"
1,Lesotho,0.0,953829.1977431072,LSO,coastal_flood_100yr_jrc_2024,individual,2351382.332985815,LSO_V1,"{""type"":""MultiPoint"",""coordinates"":[]}"
1,Lithuania,1075.9627160000523,509385.680111388,LTU,coastal_flood_100yr_jrc_2024,individual,2851458.427075914,LTU_V1,"{""type"":""MultiPoint"",""coordinates"":[]}"
1,Luxembourg,0.0,125866.9887241742,LUX,coastal_flood_100yr_jrc_2024,individual,674031.2536206517,LUX_V1,"{""type"":""MultiPoint"",""coordinates"":[]}"
1,Latvia,1140.8122912693598,352447.46257004794,LVA,coastal_flood_100yr_jrc_2024,individual,1858075.8576224009,LVA_V1,"{""type"":""MultiPoint"",""coordinates"":[]}"
1,Monaco,0.9540239870548248,5262.172679340991,MCO,coastal_flood_100yr_jrc_2024,individual,33357.587730310894,MCO_V1,"{""type"":""MultiPoint"",""coordinates"":[]}"
1,Moldova,0.0,714905.6677419611,MDA,coastal_flood_100yr_jrc_2024,individual,3016893.9870294174,MDA_V1,"{""type"":""MultiPoint"",""coordinates"":[]}"
1,Morocco,13187.3805824093,11625029.477329347,MAR,coastal_flood_100yr_jrc_2024,individual,38009015.489945605,MAR_V1,"{""type"":""MultiPoint"",""coordinates"":[]}"
1,Madagascar,319254.6925971603,14049904.0771971,MDG,coastal_flood_100yr_jrc_2024,individual,31255422.092232056,MDG_V1,"{""type"":""MultiPoint"",""coordinates"":[]}"
1,North Macedonia,0.0,372434.55389776087,MKD,coastal_flood_100yr_jrc_2024,individual,1818584.309032752,MKD_V1,"{""type"":""MultiPoint"",""coordinates"":[]}"
1,Mexico,133895.03363556223,38372191.30055467,MEX,coastal_flood_100yr_jrc_2024,individual,129465813.3708989,MEX_V1,"{""type"":""MultiPoint"",""coordinates"":[]}"
1,Mali,0.0,12887972.354293937,MLI,coastal_flood_100yr_jrc_2024,individual,24869878.05413317,MLI_V1,"{""type"":""MultiPoint"",""coordinates"":[]}"
1,Malta,61.235482290387154,82026.2627163317,MLT,coastal_flood_100yr_jrc_2024,individual,533776.3433754911,MLT_V1,"{""type"":""MultiPoint"",""coordinates"":[]}"
1,Montenegro,1195.0975060964838,138273.07227677407,MNE,coastal_flood_100yr_jrc_2024,individual,623520.9604529006,MNE_V1,"{""type"":""MultiPoint"",""coordinates"":[]}"
1,Mongolia,0.0,1283535.866015038,MNG,coastal_flood_100yr_jrc_2024,individual,3494385.744797007,MNG_V1,"{""type"":""MultiPoint"",""coordinates"":[]}"
1,Indonesia,535580.9088183199,81336232.52228947,IDN,coastal_flood_100yr_jrc_2024,individual,276192560.2938372,IDN_V1,"{""type"":""MultiPoint"",""coordinates"":[]}"
1,Myanmar,971393.8212491326,15614930.153706713,MMR,coastal_flood_100yr_jrc_2024,individual,53988364.14515358,MMR_V1,"{""type"":""MultiPoint"",""coordinates"":[]}"
1,Mozambique,83590.95289014725,17344888.41958043,MOZ,coastal_flood_100yr_jrc_2024,individual,34690023.38739015,MOZ_V1,"{""type"":""MultiPoint"",""coordinates"":[]}"
1,Mauritania,10642.089463522803,2509825.4529448696,MRT,coastal_flood_100yr_jrc_2024,individual,5207679.240215155,MRT_V1,"{""type"":""MultiPoint"",""coordinates"":[]}"
1,Malawi,0.0,10332555.0201367,MWI,coastal_flood_100yr_jrc_2024,individual,21922468.45085884,MWI_V1,"{""type"":""MultiPoint"",""coordinates"":[]}"
1,Malaysia,48089.044914235055,8962776.253312737,MYS,coastal_flood_100yr_jrc_2024,individual,34013024.751081154,MYS_V1,"{""type"":""MultiPoint"",""coordinates"":[]}"
1,Namibia,529.3657847080613,1268275.5030238384,NAM,coastal_flood_100yr_jrc_2024,individual,3015530.570946372,NAM_V1,"{""type"":""MultiPoint"",""coordinates"":[]}"
1,Niger,0.0,14400385.304470504,NER,coastal_flood_100yr_jrc_2024,individual,27664968.69242891,NER_V1,"{""type"":""MultiPoint"",""coordinates"":[]}"
1,Nigeria,210293.611163326,110642667.47399998,NGA,coastal_flood_100yr_jrc_2024,individual,234509978.57678303,NGA_V1,"{""type"":""MultiPoint"",""coordinates"":[]}"
1,Netherlands,1570168.391705357,3317680.197755831,NLD,coastal_flood_100yr_jrc_2024,individual,18189312.86858362,NLD_V1,"{""type"":""MultiPoint"",""coordinates"":[]}"
1,Nepal,0.0,10250378.59614731,NPL,coastal_flood_100yr_jrc_2024,individual,29048805.511918865,NPL_V1,"{""type"":""MultiPoint"",""coordinates"":[]}"
1,Oman,13860.477216117211,1390450.1338104506,OMN,coastal_flood_100yr_jrc_2024,individual,5133564.406785317,OMN_V1,"{""type"":""MultiPoint"",""coordinates"":[]}"
1,Norway,12854.270895874475,1015529.5207430264,NOR,coastal_flood_100yr_jrc_2024,individual,5150245.329950679,NOR_V1,"{""type"":""MultiPoint"",""coordinates"":[]}"
1,Pakistan,48970.55881613633,107750534.87988149,PAK,coastal_flood_100yr_jrc_2024,individual,246860237.4658652,PAK_V1,"{""type"":""MultiPoint"",""coordinates"":[]}"
1,Papua New Guinea,33710.57699229196,3771706.389600837,PNG,coastal_flood_100yr_jrc_2024,individual,9745315.430255478,PNG_V1,"{""type"":""MultiPoint"",""coordinates"":[]}"
1,Poland,28931.776247213988,6980330.729857893,POL,coastal_flood_100yr_jrc_2024,individual,38209876.80117192,POL_V1,"{""type"":""MultiPoint"",""coordinates"":[]}"
1,Democratic People's Republic of Korea,113636.72768508313,5968306.198428074,PRK,coastal_flood_100yr_jrc_2024,individual,26505524.362060323,PRK_V1,"{""type"":""MultiPoint"",""coordinates"":[]}"
1,Portugal,6037.84436019017,1561448.9023513182,PRT,coastal_flood_100yr_jrc_2024,individual,9872422.349489847,PRT_V1,"{""type"":""MultiPoint"",""coordinates"":[]}"
1,State of Palestine,7.054807960987091,2443371.1349635543,PSE,coastal_flood_100yr_jrc_2024,individual,5543124.9888300495,PSE_V1,"{""type"":""MultiPoint"",""coordinates"":[]}"
1,Qatar,581.0538632216158,525150.8783867318,QAT,coastal_flood_100yr_jrc_2024,individual,3084226.821110274,QAT_V1,"{""type"":""MultiPoint"",""coordinates"":[]}"
1,Romania,1879.1064488080071,3678230.906891302,ROU,coastal_flood_100yr_jrc_2024,individual,18959326.7994727,ROU_V1,"{""type"":""MultiPoint"",""coordinates"":[]}"
1,New Zealand,2823.0229154797803,1048361.4652274218,NZL,coastal_flood_100yr_jrc_2024,individual,4800487.115226255,NZL_V1,"{""type"":""MultiPoint"",""coordinates"":[]}"
1,Rwanda,0.0,6267133.853534973,RWA,coastal_flood_100yr_jrc_2024,individual,14404122.7721868,RWA_V1,"{""type"":""MultiPoint"",""coordinates"":[]}"
1,Saudi Arabia,35350.75206743981,9337857.170116987,SAU,coastal_flood_100yr_jrc_2024,individual,33625677.97988395,SAU_V1,"{""type"":""MultiPoint"",""coordinates"":[]}"
1,Sudan,268.64469039440155,23464057.648403365,SDN,coastal_flood_100yr_jrc_2024,individual,50712308.79081087,SDN_V1,"{""type"":""MultiPoint"",""coordinates"":[]}"
1,Senegal,26531.77289406304,8270843.030845256,SEN,coastal_flood_100yr_jrc_2024,individual,18693636.26715158,SEN_V1,"{""type"":""MultiPoint"",""coordinates"":[]}"
1,Sierra Leone,9871.360884371135,3843550.270947567,SLE,coastal_flood_100yr_jrc_2024,individual,8720255.640988292,SLE_V1,"{""type"":""MultiPoint"",""coordinates"":[]}"
1,El Salvador,4519.099635645747,1913990.245657472,SLV,coastal_flood_100yr_jrc_2024,individual,6348613.084124337,SLV_V1,"{""type"":""MultiPoint"",""coordinates"":[]}"
1,San Marino,0.0,5134.839368900758,SMR,coastal_flood_100yr_jrc_2024,individual,33032.59589164911,SMR_V1,"{""type"":""MultiPoint"",""coordinates"":[]}"
1,Somalia,24840.63338394463,9019756.77257736,SOM,coastal_flood_100yr_jrc_2024,individual,17498659.046882592,SOM_V1,"{""type"":""MultiPoint"",""coordinates"":[]}"
1,Serbia,0.0,1176150.7895346875,SRB,coastal_flood_100yr_jrc_2024,individual,8392829.87918763,SRB_V1,"{""type"":""MultiPoint"",""coordinates"":[]}"
1,South Sudan,0.0,5568108.674484453,SSD,coastal_flood_100yr_jrc_2024,individual,11997147.232855164,SSD_V1,"{""type"":""MultiPoint"",""coordinates"":[]}"
1,Slovakia,0.0,1043142.8120565324,SVK,coastal_flood_100yr_jrc_2024,individual,5492552.921385191,SVK_V1,"{""type"":""MultiPoint"",""coordinates"":[]}"
1,Slovenia,716.7493163013146,375673.3899755801,SVN,coastal_flood_100yr_jrc_2024,individual,2116098.987931288,SVN_V1,"{""type"":""MultiPoint"",""coordinates"":[]}"
1,Sweden,15138.785306102553,2075466.44221669,SWE,coastal_flood_100yr_jrc_2024,individual,10144677.54285388,SWE_V1,"{""type"":""MultiPoint"",""coordinates"":[]}"
1,Eswatini,0.0,493250.13384263153,SWZ,coastal_flood_100yr_jrc_2024,individual,1250704.1462051934,SWZ_V1,"{""type"":""MultiPoint"",""coordinates"":[]}"
1,Syrian Arab Republic,1815.08272636123,8929441.744621102,SYR,coastal_flood_100yr_jrc_2024,individual,25222330.598576225,SYR_V1,"{""type"":""MultiPoint"",""coordinates"":[]}"
1,Philippines,1079837.9343026974,38920931.77695848,PHL,coastal_flood_100yr_jrc_2024,individual,115095381.77044018,PHL_V1,"{""type"":""MultiPoint"",""coordinates"":[]}"
1,Chad,0.0,10563113.034533042,TCD,coastal_flood_100yr_jrc_2024,individual,20759163.84352589,TCD_V1,"{""type"":""MultiPoint"",""coordinates"":[]}"
1,Togo,1212.1834515929222,4352985.299773386,TGO,coastal_flood_100yr_jrc_2024,individual,9622692.936409391,TGO_V1,"{""type"":""MultiPoint"",""coordinates"":[]}"
1,Thailand,40453.4816977123,13239541.746508565,THA,coastal_flood_100yr_jrc_2024,individual,71268203.00909597,THA_V1,"{""type"":""MultiPoint"",""coordinates"":[]}"
1,Tajikistan,0.0,4387147.080111413,TJK,coastal_flood_100yr_jrc_2024,individual,10717321.090642806,TJK_V1,"{""type"":""MultiPoint"",""coordinates"":[]}"
1,Turkmenistan,5738.204843554805,2721094.742285788,TKM,coastal_flood_100yr_jrc_2024,individual,7647564.846305899,TKM_V1,"{""type"":""MultiPoint"",""coordinates"":[]}"
1,Timor-Leste,1564.9508308498189,566005.1713833066,TLS,coastal_flood_100yr_jrc_2024,individual,1408086.2265590555,TLS_V1,"{""type"":""MultiPoint"",""coordinates"":[]}"
1,Republic of Türkiye,17636.86721235828,22274944.93565629,TUR,coastal_flood_100yr_jrc_2024,individual,85785617.2848587,TUR_V1,"{""type"":""MultiPoint"",""coordinates"":[]}"
1,United Republic of Tanzania,7387.378974262625,33009937.92392438,TZA,coastal_flood_100yr_jrc_2024,individual,68673700.5365034,TZA_V1,"{""type"":""MultiPoint"",""coordinates"":[]}"
1,Tunisia,56707.51135543026,3505063.2761439867,TUN,coastal_flood_100yr_jrc_2024,individual,12304324.136928272,TUN_V1,"{""type"":""MultiPoint"",""coordinates"":[]}"
1,Uganda,0.0,25129256.371462,UGA,coastal_flood_100yr_jrc_2024,individual,50688303.796579696,UGA_V1,"{""type"":""MultiPoint"",""coordinates"":[]}"
1,Ukraine,14405.66928131158,6430336.573377428,UKR,coastal_flood_100yr_jrc_2024,individual,37885422.83936587,UKR_V1,"{""type"":""MultiPoint"",""coordinates"":[]}"
1,Uzbekistan,0.0,12807243.229509551,UZB,coastal_flood_100yr_jrc_2024,individual,36572748.3126678,UZB_V1,"{""type"":""MultiPoint"",""coordinates"":[]}"
1,Holy See,0.0,20.2153013827754,VAT,coastal_flood_100yr_jrc_2024,individual,131.73724048090915,VAT_V1,"{""type"":""MultiPoint"",""coordinates"":[]}"
1,Viet Nam,4639410.213162141,27692216.00641283,VNM,coastal_flood_100yr_jrc_2024,individual,99894739.48907052,VNM_V1,"{""type"":""MultiPoint"",""coordinates"":[]}"
1,Yemen,34264.83971358836,18647027.325538613,YEM,coastal_flood_100yr_jrc_2024,individual,40360482.89874918,YEM_V1,"{""type"":""MultiPoint"",""coordinates"":[]}"
1,South Africa,7243.535863995785,19551223.251382623,ZAF,coastal_flood_100yr_jrc_2024,individual,63613764.53148368,ZAF_V1,"{""type"":""MultiPoint"",""coordinates"":[]}"
1,Zambia,0.0,10196836.222531496,ZMB,coastal_flood_100yr_jrc_2024,individual,21538786.60643212,ZMB_V1,"{""type"":""MultiPoint"",""coordinates"":[]}"
1,Zimbabwe,0.0,7945013.091549871,ZWE,coastal_flood_100yr_jrc_2024,individual,16812102.704919368,ZWE_V1,"{""type"":""MultiPoint"",""coordinates"":[]}"
1,Cook Islands,0.0,3888.4588609930047,COK,coastal_flood_100yr_jrc_2024,individual,12697.508863598989,COK_V2,"{""type"":""MultiPoint"",""coordinates"":[]}"
1,Niue,0.0,327.64300876109326,NIU,coastal_flood_100yr_jrc_2024,individual,1189.0574526880887,NIU_V2,"{""type"":""MultiPoint"",""coordinates"":[]}"
1,Ashmore and Cartier Islands,0.0,0.0,AUS,coastal_flood_100yr_jrc_2024,individual,0.0,AUS1_V1,"{""type"":""MultiPoint"",""coordinates"":[]}"
1,Christmas Island,0.0,140.59407666868145,CXR,coastal_flood_100yr_jrc_2024,individual,712.628852106178,CXR_V1,"{""type"":""MultiPoint"",""coordinates"":[]}"
1,Norfolk Island,0.0,414.3523831273786,NFK,coastal_flood_100yr_jrc_2024,individual,2298.7123070043035,NFK_V1,"{""type"":""MultiPoint"",""coordinates"":[]}"
1,Cocos (Keeling) Islands,0.0,83.37367249598591,CCK,coastal_flood_100yr_jrc_2024,individual,378.7584348503264,CCK_V1,"{""type"":""MultiPoint"",""coordinates"":[]}"
1,Faroe Islands,0.0,10615.225065669125,FRO,coastal_flood_100yr_jrc_2024,individual,44821.09472368454,FRO_V1,"{""type"":""MultiPoint"",""coordinates"":[]}"
1,Canary Islands,817.3320276284358,310648.12949027726,ESP,coastal_flood_100yr_jrc_2024,individual,2103964.807616855,ESP1_V1,"{""type"":""MultiPoint"",""coordinates"":[]}"
1,Åland Islands,0.0,0.0,ALA,coastal_flood_100yr_jrc_2024,individual,24777.20541056649,ALA_V1,"{""type"":""MultiPoint"",""coordinates"":[]}"
1,Bassas da India,0.0,0.0,ATF,coastal_flood_100yr_jrc_2024,individual,0.0,ATF1_V1,"{""type"":""MultiPoint"",""coordinates"":[]}"
1,Saint Pierre et Miquelon,55.66222411673516,439.23450450934473,SPM,coastal_flood_100yr_jrc_2024,individual,2362.615646703863,SPM_V1,"{""type"":""MultiPoint"",""coordinates"":[]}"
1,French Southern Territories,0.0,0.0,ATF,coastal_flood_100yr_jrc_2024,individual,0.0,ATF_V1,"{""type"":""MultiPoint"",""coordinates"":[]}"
1,Juan de Nova Island,0.0,0.0,ATF,coastal_flood_100yr_jrc_2024,individual,0.0,ATF3_V1,"{""type"":""MultiPoint"",""coordinates"":[]}"
1,Tromelin Island,0.0,0.0,xFR,coastal_flood_100yr_jrc_2024,individual,0.0,xFR1_V1,"{""type"":""MultiPoint"",""coordinates"":[]}"
1,Réunion,0.0,224526.9536311705,REU,coastal_flood_100yr_jrc_2024,individual,880142.564459588,REU_V1,"{""type"":""MultiPoint"",""coordinates"":[]}"
1,Europa Island,0.0,0.0,ATF,coastal_flood_100yr_jrc_2024,individual,0.0,ATF2_V1,"{""type"":""MultiPoint"",""coordinates"":[]}"
1,Wallis and Futuna,0.0,2144.565710117026,WLF,coastal_flood_100yr_jrc_2024,individual,7930.102045934225,WLF_V1,"{""type"":""MultiPoint"",""coordinates"":[]}"
1,Glorioso Islands,0.0,0.0,xFR,coastal_flood_100yr_jrc_2024,individual,0.0,xFR2_V1,"{""type"":""MultiPoint"",""coordinates"":[]}"
1,Mayotte,136.38555576838553,147636.55698512087,MYT,coastal_flood_100yr_jrc_2024,individual,296796.0090054756,MYT_V1,"{""type"":""MultiPoint"",""coordinates"":[]}"
1,Guernsey,1825.090794853429,10821.874320624418,GGY,coastal_flood_100yr_jrc_2024,individual,63540.05934801399,GGY_V1,"{""type"":""MultiPoint"",""coordinates"":[]}"
1,Chagos Archipelagio,0.0,0.0,IOT,coastal_flood_100yr_jrc_2024,individual,0.0,IOT_V1,"{""type"":""MultiPoint"",""coordinates"":[]}"
1,Isle of Man,322.5915223378688,14797.945172765312,IMN,coastal_flood_100yr_jrc_2024,individual,83814.79560058776,IMN_V1,"{""type"":""MultiPoint"",""coordinates"":[]}"
1,Jersey,1087.9942780542187,17124.37089554569,JEY,coastal_flood_100yr_jrc_2024,individual,98200.13389473864,JEY_V1,"{""type"":""MultiPoint"",""coordinates"":[]}"
1,Akrotiri,135.990505303198,1854.419013803475,xUK,coastal_flood_100yr_jrc_2024,individual,10188.255714773237,xUK1_V1,"{""type"":""MultiPoint"",""coordinates"":[]}"
1,Dekelia,13.33433617934466,1565.515852808929,xUK,coastal_flood_100yr_jrc_2024,individual,10559.438534312458,xUK2_V1,"{""type"":""MultiPoint"",""coordinates"":[]}"
1,Svalbard and Jan Mayen Islands,0.0,2.010558001638856,SJM,coastal_flood_100yr_jrc_2024,individual,7.725986971054226,SJM_V1,"{""type"":""MultiPoint"",""coordinates"":[]}"
1,Madeira Islands,0.883276016684249,39285.62934794784,PRT,coastal_flood_100yr_jrc_2024,individual,251218.44590107456,PRT2_V1,"{""type"":""MultiPoint"",""coordinates"":[]}"
1,Azores Islands,0.0,40677.16474671715,PRT,coastal_flood_100yr_jrc_2024,individual,228946.2313391533,PRT1_V1,"{""type"":""MultiPoint"",""coordinates"":[]}"
1,Palmyra Atoll,0.0,0.0,UMI,coastal_flood_100yr_jrc_2024,individual,0.0,UMI8_V1,"{""type"":""MultiPoint"",""coordinates"":[]}"
1,Jarvis Island,0.0,0.0,UMI,coastal_flood_100yr_jrc_2024,individual,0.0,UMI4_V1,"{""type"":""MultiPoint"",""coordinates"":[]}"
1,Howland Island,0.0,0.0,UMI,coastal_flood_100yr_jrc_2024,individual,0.0,UMI3_V1,"{""type"":""MultiPoint"",""coordinates"":[]}"
1,Baker Island,0.0,0.0,UMI,coastal_flood_100yr_jrc_2024,individual,0.0,UMI1_V1,"{""type"":""MultiPoint"",""coordinates"":[]}"
1,Midway Islands,0.0,0.0,UMI,coastal_flood_100yr_jrc_2024,individual,0.0,UMI7_V1,"{""type"":""MultiPoint"",""coordinates"":[]}"
1,Northern Mariana Is. (USA),711.9564732281142,12205.081372944836,MNP,coastal_flood_100yr_jrc_2024,individual,43853.02309760934,MNP_V1,"{""type"":""MultiPoint"",""coordinates"":[]}"
1,Kingman Reef,0.0,0.0,UMI,coastal_flood_100yr_jrc_2024,individual,0.0,UMI6_V1,"{""type"":""MultiPoint"",""coordinates"":[]}"
1,Johnston Atoll,0.0,0.0,UMI,coastal_flood_100yr_jrc_2024,individual,0.0,UMI5_V1,"{""type"":""MultiPoint"",""coordinates"":[]}"
1,Wake Island,0.0,0.0,UMI,coastal_flood_100yr_jrc_2024,individual,0.0,UMI2_V1,"{""type"":""MultiPoint"",""coordinates"":[]}"
1,United States of America,899230.7503535264,72972657.44150259,USA,coastal_flood_100yr_jrc_2024,individual,343879554.00653434,USA_V1,"{""type"":""MultiPoint"",""coordinates"":[]}"
1,Pitcairn,0.0,5.132757997140288,PCN,coastal_flood_100yr_jrc_2024,individual,20.731849044561383,PCN_V1,"{""type"":""MultiPoint"",""coordinates"":[]}"
1,French Polynesia,0.0,65455.06041187306,PYF,coastal_flood_100yr_jrc_2024,individual,272391.8205862327,PYF_V1,"{""type"":""MultiPoint"",""coordinates"":[]}"
1,Falkland Islands (Malvinas),2.121643016615053,208.02953728187796,FLK,coastal_flood_100yr_jrc_2024,individual,1511.6841133517055,FLK_V1,"{""type"":""MultiPoint"",""coordinates"":[]}"
1,Bolivia (Plurinational State of),0.0,4394807.034773859,BOL,coastal_flood_100yr_jrc_2024,individual,12462781.84426856,BOL_V1,"{""type"":""MultiPoint"",""coordinates"":[]}"
1,Belize,2857.40272286474,133344.25010298338,BLZ,coastal_flood_100yr_jrc_2024,individual,418861.4409020295,BLZ_V1,"{""type"":""MultiPoint"",""coordinates"":[]}"
1,Suriname,218.4757622918696,195175.26338474688,SUR,coastal_flood_100yr_jrc_2024,individual,635533.4408944768,SUR_V1,"{""type"":""MultiPoint"",""coordinates"":[]}"
1,Paraguay,0.0,2361026.469284488,PRY,coastal_flood_100yr_jrc_2024,individual,7073822.634970926,PRY_V1,"{""type"":""MultiPoint"",""coordinates"":[]}"
1,Ecuador,12139.311216751936,5412108.9893188495,ECU,coastal_flood_100yr_jrc_2024,individual,18204916.31251692,ECU_V1,"{""type"":""MultiPoint"",""coordinates"":[]}"
1,Argentina,6939.179505068607,11994305.837124825,ARG,coastal_flood_100yr_jrc_2024,individual,45306751.73031677,ARG_V1,"{""type"":""MultiPoint"",""coordinates"":[]}"
1,Nicaragua,7614.558398409308,2382957.7264003563,NIC,coastal_flood_100yr_jrc_2024,individual,6958357.865367682,NIC_V1,"{""type"":""MultiPoint"",""coordinates"":[]}"
1,Guyana,16401.203857745102,281356.21398080897,GUY,coastal_flood_100yr_jrc_2024,individual,816238.5896317638,GUY_V1,"{""type"":""MultiPoint"",""coordinates"":[]}"
1,Honduras,5556.371066934429,3943857.494183983,HND,coastal_flood_100yr_jrc_2024,individual,10910642.178522486,HND_V1,"{""type"":""MultiPoint"",""coordinates"":[]}"
1,Russian Federation,33248.434195093694,29912258.795883525,RUS,coastal_flood_100yr_jrc_2024,individual,143722899.18520805,RUS_V1,"{""type"":""MultiPoint"",""coordinates"":[]}"
1,Panama,13053.96103832328,1320560.7124951663,PAN,coastal_flood_100yr_jrc_2024,individual,4476296.292283583,PAN_V1,"{""type"":""MultiPoint"",""coordinates"":[]}"
1,Costa Rica,2353.2568134905823,1191441.101432738,CRI,coastal_flood_100yr_jrc_2024,individual,5143657.414913915,CRI_V1,"{""type"":""MultiPoint"",""coordinates"":[]}"
1,Peru,4699.6922999656645,9874600.267481511,PER,coastal_flood_100yr_jrc_2024,individual,33678504.92866918,PER_V1,"{""type"":""MultiPoint"",""coordinates"":[]}"
1,Uruguay,1198.4749949655238,767231.5871512562,URY,coastal_flood_100yr_jrc_2024,individual,3375017.184474811,URY_V1,"{""type"":""MultiPoint"",""coordinates"":[]}"
1,Venezuela,65795.35821810365,8674827.144440852,VEN,coastal_flood_100yr_jrc_2024,individual,27713364.12997104,VEN_V1,"{""type"":""MultiPoint"",""coordinates"":[]}"
1,Colombia,37665.01798390083,13013572.92927575,COL,coastal_flood_100yr_jrc_2024,individual,52591011.46214682,COL_V1,"{""type"":""MultiPoint"",""coordinates"":[]}"
1,Bouvet Island,0.0,0.0,BVT,coastal_flood_100yr_jrc_2024,individual,0.0,BVT_V1,"{""type"":""MultiPoint"",""coordinates"":[]}"
1,Bird Island,0.0,0.0,VEN,coastal_flood_100yr_jrc_2024,individual,0.0,VEN1_V1,"{""type"":""MultiPoint"",""coordinates"":[]}"
1,Heard Island and McDonald Islands,0.0,0.0,HMD,coastal_flood_100yr_jrc_2024,individual,0.0,HMD_V1,"{""type"":""MultiPoint"",""coordinates"":[]}"
1,South Georgia and the South Sandwich Islands,0.0,0.0,SGS,coastal_flood_100yr_jrc_2024,individual,0.0,SGS_V1,"{""type"":""MultiPoint"",""coordinates"":[]}"
1,French Guiana,0.0,112483.15798239484,GUF,coastal_flood_100yr_jrc_2024,individual,308026.1907314559,GUF_V1,"{""type"":""MultiPoint"",""coordinates"":[]}"
1,Navassa Island,0.0,0.0,UMI,coastal_flood_100yr_jrc_2024,individual,0.0,UMI9_V1,"{""type"":""MultiPoint"",""coordinates"":[]}"
1,Bermuda,0.0,10712.802548956824,BMU,coastal_flood_100yr_jrc_2024,individual,63380.9451349286,BMU_V2,"{""type"":""MultiPoint"",""coordinates"":[]}"
1,British Virgin Islands,0.0,7297.896157653256,VGB,coastal_flood_100yr_jrc_2024,individual,39417.32688696719,VGB_V2,"{""type"":""MultiPoint"",""coordinates"":[]}"
1,Anguilla,50.18997323606163,3104.6121367841224,AIA,coastal_flood_100yr_jrc_2024,individual,14591.300794211462,AIA_V2,"{""type"":""MultiPoint"",""coordinates"":[]}"
1,Cayman Islands,894.6763622630388,14032.561219903228,CYM,coastal_flood_100yr_jrc_2024,individual,74099.75720171208,CYM_V2,"{""type"":""MultiPoint"",""coordinates"":[]}"
1,Montserrat,0.0,885.0043382773579,MSR,coastal_flood_100yr_jrc_2024,individual,4367.136949149843,MSR_V2,"{""type"":""MultiPoint"",""coordinates"":[]}"
1,United States Virgin Islands (USA),22.351624930277467,17118.03338250821,VIR,coastal_flood_100yr_jrc_2024,individual,84278.46327431768,VIR_V2,"{""type"":""MultiPoint"",""coordinates"":[]}"
1,Turks and Caicos Islands,144.42235954850912,9008.879158962627,TCA,coastal_flood_100yr_jrc_2024,individual,46566.8659558862,TCA_V2,"{""type"":""MultiPoint"",""coordinates"":[]}"
1,Dominican Republic,16211.912588879466,3629210.128451305,DOM,coastal_flood_100yr_jrc_2024,individual,11470773.86106118,DOM_V2,"{""type"":""MultiPoint"",""coordinates"":[]}"
1,Barbados,43.31977090239525,59721.358592386925,BRB,coastal_flood_100yr_jrc_2024,individual,282247.2240022148,BRB_V2,"{""type"":""MultiPoint"",""coordinates"":[]}"
1,Saint Kitts and Nevis,6.403572998940945,10365.947042863572,KNA,coastal_flood_100yr_jrc_2024,individual,46716.49473751783,KNA_V2,"{""type"":""MultiPoint"",""coordinates"":[]}"
1,Grenada,93.57485802844168,28110.055764179357,GRD,coastal_flood_100yr_jrc_2024,individual,116855.33684223986,GRD_V2,"{""type"":""MultiPoint"",""coordinates"":[]}"
1,Saint Vincent and the Grenadines,44.84430187184583,26028.396926756588,VCT,coastal_flood_100yr_jrc_2024,individual,99918.61239491215,VCT_V2,"{""type"":""MultiPoint"",""coordinates"":[]}"
1,Chile,1298.185956915957,4013978.5885366574,CHL,coastal_flood_100yr_jrc_2024,individual,19386377.0242381,CHL_V1,"{""type"":""MultiPoint"",""coordinates"":[]}"
1,Trinidad and Tobago,372.7508951872587,325947.18566046434,TTO,coastal_flood_100yr_jrc_2024,individual,1508765.452660754,TTO_V2,"{""type"":""MultiPoint"",""coordinates"":[]}"
1,Dominica,14.393996190279722,14477.017555176082,DMA,coastal_flood_100yr_jrc_2024,individual,65763.86149308099,DMA_V2,"{""type"":""MultiPoint"",""coordinates"":[]}"
1,Antigua and Barbuda,298.0669524613768,20623.84209410938,ATG,coastal_flood_100yr_jrc_2024,individual,93740.68953507904,ATG_V2,"{""type"":""MultiPoint"",""coordinates"":[]}"
1,Bahamas,3319.9303270233795,89094.08102010393,BHS,coastal_flood_100yr_jrc_2024,individual,400557.0109721175,BHS_V2,"{""type"":""MultiPoint"",""coordinates"":[]}"
1,Jamaica,5447.376153553836,670250.6314445391,JAM,coastal_flood_100yr_jrc_2024,individual,2837090.2043390777,JAM_V2,"{""type"":""MultiPoint"",""coordinates"":[]}"
1,Saint Lucia,60.21370792388916,39041.766784662,LCA,coastal_flood_100yr_jrc_2024,individual,179662.87497699447,LCA_V2,"{""type"":""MultiPoint"",""coordinates"":[]}"
1,Haiti,7459.372866131365,4371987.8227432445,HTI,coastal_flood_100yr_jrc_2024,individual,11825101.171289962,HTI_V2,"{""type"":""MultiPoint"",""coordinates"":[]}"
1,Guadeloupe,819.8928838614374,76351.78934353044,GLP,coastal_flood_100yr_jrc_2024,individual,373724.3754355189,GLP_V2,"{""type"":""MultiPoint"",""coordinates"":[]}"
1,Puerto Rico (USA),3531.2528706777043,497753.8592121909,PRI,coastal_flood_100yr_jrc_2024,individual,3240010.9310040367,PRI_V2,"{""type"":""MultiPoint"",""coordinates"":[]}"
1,Bonaire,129.6386221535504,4758.103803793846,BES,coastal_flood_100yr_jrc_2024,individual,25781.858422584544,BES3_V2,"{""type"":""MultiPoint"",""coordinates"":[]}"
1,Saba,0.0,335.72229135791764,BES,coastal_flood_100yr_jrc_2024,individual,2089.9751752839,BES1_V2,"{""type"":""MultiPoint"",""coordinates"":[]}"
1,Curaçao,4.063124095089734,34128.4444534915,CUW,coastal_flood_100yr_jrc_2024,individual,185466.446093772,CUW_V2,"{""type"":""MultiPoint"",""coordinates"":[]}"
1,Sint Eustatius,0.0,681.230852834537,BES,coastal_flood_100yr_jrc_2024,individual,3054.0917300578444,BES2_V2,"{""type"":""MultiPoint"",""coordinates"":[]}"
1,Saint Barthélemy,0.5097380056977272,2679.044546063814,BLM,coastal_flood_100yr_jrc_2024,individual,11275.17375148384,BLM_V2,"{""type"":""MultiPoint"",""coordinates"":[]}"
1,Saint Martin,488.52755509130657,6901.243853209948,MAF,coastal_flood_100yr_jrc_2024,individual,25499.73312914884,MAF_V2,"{""type"":""MultiPoint"",""coordinates"":[]}"
1,Martinique,144.35385030321777,63708.39902648483,MTQ,coastal_flood_100yr_jrc_2024,individual,340600.6869009533,MTQ_V2,"{""type"":""MultiPoint"",""coordinates"":[]}"
1,Aruba,80.01805810537189,22562.383307388245,ABW,coastal_flood_100yr_jrc_2024,individual,108088.38490040971,ABW_V2,"{""type"":""MultiPoint"",""coordinates"":[]}"
1,Sint Maarten,480.2929730694741,8095.239209719855,SXM,coastal_flood_100yr_jrc_2024,individual,43285.26930217316,SXM_V2,"{""type"":""MultiPoint"",""coordinates"":[]}"
1,Democratic Republic of the Congo,1401.2388149797916,56518040.32708567,COD,coastal_flood_100yr_jrc_2024,individual,111040054.70413676,COD_V1,"{""type"":""MultiPoint"",""coordinates"":[]}"
1,Cuba,25141.883184551727,2039201.6510327128,CUB,coastal_flood_100yr_jrc_2024,individual,10957701.689464338,CUB_V2,"{""type"":""MultiPoint"",""coordinates"":[]}"
